salary_(sar),monthly_debt_(sar),elementary_expenses_(sar),number_of_children,budgeting_rule,state_Single,sex_Male,goal_Savings,employment_status_Student,employment_status_Unemployed,age_group_encoded,debt_to_income_ratio,savings_ratio
3093,826.77,3174.57,0,50/30/20,True,False,True,True,False,0,0.26730358874878757,1.026372453928225
6483,1573.33,4622.09,0,70/20/10,True,False,True,False,False,0,0.24268548511491592,0.7129554218725899
1035,176.45,14050.93,2,50/30/20,False,False,False,False,True,1,0.1704830917874396,13.575777777777779
4771,843.08,12747.59,0,50/30/20,False,False,True,True,False,0,0.1767092852651436,2.6718905889750575
2675,740.6,10728.78,2,50/30/20,False,False,True,False,True,4,0.27685981308411217,4.0107588785046735
3677,627.85,4864.24,2,50/30/20,False,True,True,True,False,1,0.1707506119118847,1.3228827848789773
1565,106.9,955.2,0,70/20/10,True,False,True,True,False,0,0.06830670926517572,0.6103514376996806
4413,993.32,11732.1,4,50/30/20,False,True,False,True,False,0,0.22508950827101745,2.6585316111488786
10331,406.7,9313.43,0,70/20/10,False,False,False,False,False,0,0.039366953828283806,0.9015032426676992
3200,545.15,13540.19,0,50/30/20,False,False,True,True,False,1,0.17035937499999998,4.231309375
1219,201.28,4563.39,0,50/30/20,False,False,False,False,True,3,0.16511894995898277,3.7435520918785894
1634,375.69,11927.99,0,50/30/20,False,True,True,True,False,0,0.2299204406364749,7.299871481028152
2010,371.24,4820.38,0,50/30/20,True,True,False,False,True,3,0.18469651741293533,2.3981990049751243
8946,219.34,3990.1,0,50/30/20,True,False,False,False,False,1,0.024518220433713392,0.44602056785155375
2582,140.52,5426.26,4,50/30/20,False,False,True,True,False,1,0.05442292796281952,2.1015724244771494
2094,62.11,3003.97,0,50/30/20,True,False,False,False,True,0,0.02966093600764088,1.4345606494746894
2908,262.01,4143.44,0,50/30/20,True,False,True,True,False,1,0.0900997248968363,1.4248418156808802
2323,543.56,9138.77,1,50/30/20,False,True,False,False,True,4,0.23399052948773136,3.9340378820490747
2518,257.98,5229.39,0,50/30/20,True,False,False,False,True,1,0.10245432883240668,2.076803018268467
4623,335.96,14335.52,2,50/30/20,False,False,False,True,False,1,0.0726714254812892,3.1009128271685054
3912,835.06,3041.81,0,70/20/10,True,True,False,True,False,0,0.213461145194274,0.7775587934560327
4451,815.74,1466.18,0,50/30/20,True,True,False,True,False,0,0.18327117501685014,0.3294046281734442
1450,102.8,11492.11,0,50/30/20,False,True,False,False,True,1,0.07089655172413793,7.925593103448276
1533,453.95,5360.16,0,50/30/20,True,False,True,False,True,0,0.29611872146118723,3.4965166340508804
2073,61.97,3815.19,4,50/30/20,False,True,False,True,False,1,0.02989387361312108,1.8404196816208394
3645,488.93,8046.2,4,50/30/20,False,False,True,True,False,0,0.1341371742112483,2.207462277091907
2588,413.99,4628.5,0,50/30/20,True,False,True,True,False,0,0.15996522411128286,1.7884466769706338
3999,534.09,6640.22,1,50/30/20,False,False,True,True,False,1,0.13355588897224308,1.6604701175293823
4686,220.2,10347.52,1,50/30/20,False,True,True,True,False,0,0.0469910371318822,2.208177550149381
1190,272.0,596.98,0,70/20/10,True,True,True,False,True,0,0.22857142857142856,0.5016638655462186
14960,225.62,3596.51,0,50/30/20,True,True,True,False,False,4,0.015081550802139038,0.24040842245989305
2593,168.17,4152.2,3,50/30/20,False,True,False,False,True,4,0.06485537986887774,1.601311222522175
3947,944.1,6432.4,3,50/30/20,False,False,True,True,False,0,0.23919432480364836,1.6296934380542183
2424,422.34,11071.0,2,50/30/20,False,True,False,True,False,1,0.17423267326732672,4.567244224422442
1361,263.3,5240.1,2,50/30/20,False,False,False,True,False,0,0.193460690668626,3.8501836884643645
2904,285.81,7690.28,4,50/30/20,False,True,True,False,True,0,0.09841942148760331,2.648168044077135
2561,383.28,4545.42,0,50/30/20,True,True,False,False,True,2,0.14966028894962904,1.7748613822725499
1005,152.32,2922.37,0,50/30/20,True,False,True,True,False,1,0.15156218905472635,2.9078308457711444
5616,339.97,6709.57,5,50/30/20,False,False,False,False,False,3,0.060535968660968664,1.1947240028490027
1721,197.14,3653.33,0,50/30/20,True,True,True,True,False,1,0.11454968041836142,2.1227948866937827
2114,322.02,8871.57,0,50/30/20,False,False,False,True,False,1,0.15232734153263955,4.196579943235572
3807,668.65,2957.3,0,70/20/10,True,True,False,True,False,0,0.17563698450223272,0.7768058838980825
2852,804.96,3320.58,0,50/30/20,True,True,False,True,False,1,0.28224403927068725,1.1642987377279101
10867,384.51,10497.19,0,50/30/20,False,False,False,False,False,3,0.03538327045182663,0.9659694487899144
2651,792.03,3259.97,0,50/30/20,True,True,True,True,False,0,0.29876650320633724,1.2297133157299132
3776,1094.6,5374.31,0,50/30/20,True,False,False,True,False,1,0.28988347457627117,1.42328125
3356,286.94,9256.08,4,50/30/20,False,False,False,True,False,0,0.08550059594755662,2.758069129916567
2139,395.25,4171.28,0,50/30/20,True,False,False,False,True,2,0.18478260869565216,1.9501075268817203
1407,285.17,12481.79,1,50/30/20,False,False,False,True,False,0,0.20267945984363897,8.871208244491827
4867,446.42,4797.89,3,50/30/20,False,True,False,True,False,0,0.09172385453051161,0.9858002876515308
17466,308.02,5281.33,2,50/30/20,False,True,False,False,False,0,0.017635405931524104,0.30237776251001947
1423,96.36,9840.1,5,50/30/20,False,True,False,False,True,2,0.0677160927617709,6.915038650737878
2763,495.43,9620.7,4,50/30/20,False,True,False,False,True,4,0.17930872240318493,3.4819761129207385
2459,581.25,1039.3,0,50/30/20,True,True,True,False,True,4,0.23637657584383895,0.4226514843432289
4199,927.44,13291.49,3,50/30/20,False,False,False,True,False,0,0.22087163610383426,3.165394141462253
962,190.79,1392.98,0,50/30/20,True,False,True,False,True,2,0.1983264033264033,1.448004158004158
2931,618.97,2813.06,0,50/30/20,True,True,True,False,True,0,0.21118048447628796,0.9597611736608666
962,245.52,822.53,0,50/30/20,True,False,True,False,True,3,0.25521829521829525,0.85502079002079
2405,261.11,3588.65,0,50/30/20,True,True,False,False,True,4,0.10856964656964657,1.4921621621621621
4722,799.86,1484.28,0,50/30/20,True,True,False,True,False,1,0.16939008894536214,0.3143329097839898
2824,744.48,1946.53,0,70/20/10,True,True,True,False,True,3,0.26362606232294616,0.6892811614730878
4928,1046.81,3234.77,0,70/20/10,False,True,True,True,False,1,0.2124208603896104,0.65640625
2866,614.17,9318.08,5,50/30/20,False,False,True,False,True,2,0.21429518492672714,3.251249127704117
1466,432.11,5101.35,2,50/30/20,False,True,False,False,True,1,0.2947544338335607,3.4797748976807643
3229,690.48,5159.83,2,50/30/20,False,True,True,True,False,0,0.21383710126974295,1.5979653143388046
4595,1182.26,7009.21,0,50/30/20,False,False,True,True,False,0,0.25729270946681176,1.5253993471164309
1586,365.81,3733.21,0,50/30/20,False,True,False,True,False,1,0.23064943253467843,2.3538524590163936
4697,358.07,2388.85,0,60/20/20,True,True,True,True,False,1,0.07623376623376624,0.5085905897381306
1900,324.22,5133.37,3,50/30/20,False,False,False,True,False,1,0.1706421052631579,2.701773684210526
3793,639.3,9396.41,2,50/30/20,False,True,False,True,False,0,0.16854732401792774,2.4773029264434485
5168,94.24,1894.32,0,50/30/20,True,True,False,False,False,0,0.018235294117647058,0.3665479876160991
3346,210.18,8499.67,5,50/30/20,False,True,True,True,False,0,0.06281530185295876,2.5402480573819486
2165,203.79,4332.98,0,50/30/20,True,True,True,False,True,2,0.09412933025404156,2.0013764434180135
3475,135.4,2314.33,0,70/20/10,True,False,False,True,False,0,0.03896402877697842,0.6659942446043166
12529,1611.0,5023.14,1,70/20/10,False,True,False,False,False,3,0.12858169047809082,0.4009210631335302
5182,341.74,4441.96,0,70/20/10,False,False,True,False,False,2,0.06594751061366268,0.8571902740254728
1247,268.98,5407.29,2,50/30/20,False,False,False,True,False,0,0.2157016840417001,4.336238973536488
2542,65.23,766.11,0,60/20/20,True,True,True,True,False,0,0.02566089693154996,0.3013808025177026
1741,477.13,699.34,0,50/30/20,True,True,True,False,True,2,0.274055140723722,0.4016886846639862
1347,156.41,2822.83,0,50/30/20,True,False,False,True,False,1,0.11611729769858946,2.095642167780252
2181,510.46,2464.69,0,50/30/20,True,False,True,False,True,4,0.2340486015589179,1.1300733608436497
4945,1433.72,3762.94,0,50/30/20,True,True,True,True,False,1,0.28993326592517693,0.760958543983822
2804,73.49,8529.15,1,50/30/20,False,True,True,False,True,2,0.026208987161198287,3.0417796005706133
2506,238.13,14348.7,4,50/30/20,False,False,False,False,True,3,0.09502394253790902,5.725738228252195
2812,397.35,2959.79,0,50/30/20,True,False,False,False,True,4,0.14130512091038408,1.0525568990042675
1949,148.29,9290.56,1,50/30/20,False,True,False,False,True,2,0.07608517188301693,4.766834273986659
1363,162.3,9550.98,4,50/30/20,False,False,False,False,True,0,0.11907556859867939,7.007322083639031
6456,489.19,9499.15,0,50/30/20,False,True,False,False,False,4,0.07577292441140025,1.4713677199504336
2886,806.15,7947.84,5,50/30/20,False,True,True,True,False,1,0.27933125433125433,2.753929313929314
2845,274.68,9278.05,4,50/30/20,False,True,False,False,True,3,0.09654833040421792,3.261177504393673
1832,355.26,5411.64,0,50/30/20,True,False,True,False,True,2,0.19391921397379913,2.953951965065502
1802,422.2,1652.97,0,50/30/20,True,True,False,False,True,1,0.23429522752497225,0.9172974472807991
2893,589.55,6375.06,3,50/30/20,False,True,True,True,False,0,0.20378499827169028,2.2036156239198066
1309,309.33,2159.42,0,50/30/20,True,True,True,True,False,1,0.23631016042780748,1.6496715049656228
6837,1756.58,10860.48,5,50/30/20,False,True,True,False,False,1,0.2569226268831359,1.5884861781483106
9907,1168.74,3268.39,3,60/20/20,False,True,True,False,False,4,0.11797113152316543,0.3299071363682245
2449,592.23,934.99,0,50/30/20,True,True,False,True,False,1,0.2418252347897101,0.3817844017966517
2653,574.64,13488.18,2,50/30/20,False,False,False,False,True,0,0.21660007538635506,5.084123633622315
2338,538.47,4153.1,0,50/30/20,False,False,False,True,False,1,0.23031223267750214,1.7763473053892218
2106,246.32,4359.52,0,50/30/20,True,False,False,False,True,2,0.11696106362773029,2.070047483380817
2717,106.84,4091.73,2,50/30/20,False,False,False,True,False,0,0.03932278248067722,1.5059735001840264
1657,419.48,5196.08,4,50/30/20,False,True,True,True,False,1,0.2531563065781533,3.135835847917924
4919,225.27,8561.11,1,50/30/20,False,True,False,True,False,1,0.045795893474283395,1.7404167513722302
1690,141.6,2175.92,0,50/30/20,True,False,False,False,True,2,0.0837869822485207,1.287526627218935
2695,327.2,6557.12,3,50/30/20,False,False,False,True,False,1,0.1214100185528757,2.4330686456400743
4075,945.36,4759.02,0,50/30/20,True,True,True,True,False,0,0.23199018404907976,1.1678576687116566
2951,481.19,7608.79,1,50/30/20,False,False,False,False,True,3,0.1630599796679092,2.578376821416469
2950,51.42,2143.61,0,70/20/10,True,True,True,False,True,0,0.01743050847457627,0.7266474576271187
2689,193.78,4269.74,5,50/30/20,False,False,True,False,True,3,0.0720639642989959,1.5878542208999626
4519,951.92,9117.87,4,50/30/20,False,True,True,True,False,0,0.21064837353396768,2.0176742642177476
4669,160.1,2510.46,0,70/20/10,True,False,False,True,False,0,0.034289997858213746,0.5376868708502891
5165,1262.88,3788.17,0,70/20/10,True,True,True,False,False,4,0.2445072604065828,0.7334307841239109
1585,232.62,7272.99,1,50/30/20,False,True,False,False,True,0,0.1467634069400631,4.5886372239747635
5416,69.36,5588.37,0,50/30/20,False,False,True,False,False,1,0.012806499261447562,1.0318260709010338
2081,489.7,14605.51,0,50/30/20,False,False,True,True,False,1,0.23531955790485343,7.018505526189332
2733,52.3,5000.02,5,50/30/20,False,False,True,False,True,1,0.019136480058543723,1.8294987193560193
10010,1605.96,11236.92,2,50/30/20,False,True,True,False,False,2,0.16043556443556445,1.1225694305694305
2688,662.06,4716.04,5,50/30/20,False,True,True,False,True,1,0.2463020833333333,1.7544791666666666
2919,221.98,4941.5,0,50/30/20,True,False,True,False,True,3,0.07604659129838985,1.6928742720109626
4708,287.62,4977.14,4,50/30/20,False,False,False,True,False,1,0.06109175870858114,1.0571665250637214
1687,397.78,4517.85,0,50/30/20,False,True,False,True,False,0,0.23579134558387668,2.678037937166568
11373,1280.79,3780.47,0,60/20/20,True,True,False,False,False,2,0.11261672381957268,0.332407456256045
912,199.74,2813.94,0,50/30/20,True,True,False,True,False,1,0.21901315789473685,3.0854605263157895
8476,1006.53,2813.95,0,60/20/20,True,True,True,False,False,3,0.11875058990089665,0.3319903256252949
1748,352.92,13671.81,1,50/30/20,False,False,False,False,True,3,0.20189931350114418,7.821401601830663
3157,757.95,4910.34,5,50/30/20,False,False,True,True,False,0,0.24008552423186572,1.5553816914792524
3223,233.07,9168.63,0,50/30/20,False,True,True,True,False,1,0.07231461371393112,2.844750232702451
18093,1197.26,4900.22,0,50/30/20,True,False,True,False,False,1,0.06617255292101917,0.27083512960813577
2018,145.87,3305.51,2,50/30/20,False,True,False,False,True,0,0.07228444003964321,1.6380128840436077
3785,515.87,10620.77,0,50/30/20,False,False,True,True,False,0,0.13629326287978863,2.8060158520475564
9322,133.89,4909.95,0,70/20/10,True,True,False,False,False,1,0.014362797682900663,0.526705642565973
3326,922.54,10225.43,3,50/30/20,False,False,True,True,False,1,0.2773722188815394,3.0743926638604933
2310,267.48,3756.17,0,50/30/20,True,True,False,False,True,3,0.1157922077922078,1.6260476190476192
2496,224.73,2950.04,0,50/30/20,True,True,True,False,True,0,0.09003605769230769,1.1819070512820513
2897,686.39,5287.1,4,50/30/20,False,False,False,False,True,2,0.2369313082499137,1.825025888850535
2635,659.93,2527.56,0,50/30/20,True,True,False,True,False,0,0.25044781783681214,0.9592258064516129
19564,1771.6,3790.24,0,50/30/20,True,False,False,False,False,1,0.09055407892046616,0.19373543242690655
1053,177.21,5673.08,0,50/30/20,False,False,False,False,True,1,0.1682905982905983,5.387540360873694
2548,299.39,8706.85,1,50/30/20,False,True,True,False,True,1,0.1175,3.417131083202512
3562,593.55,7831.01,4,50/30/20,False,True,True,True,False,0,0.16663391353172374,2.198486805165637
8076,514.78,1594.41,0,70/20/10,True,False,False,False,False,4,0.06374195146111936,0.197425705794948
3879,1019.43,477.43,0,60/20/20,True,True,True,True,False,1,0.2628074245939675,0.12308069089971642
18245,126.37,5779.31,0,50/30/20,True,False,False,False,False,4,0.006926281172924089,0.31676130446697726
4841,1013.46,4065.74,0,50/30/20,True,True,True,True,False,0,0.20934930799421608,0.8398554017764924
2080,198.29,4840.21,0,50/30/20,True,False,False,False,True,0,0.09533173076923077,2.3270240384615386
2350,522.71,9066.14,5,50/30/20,False,True,True,False,True,4,0.22242978723404258,3.8579319148936166
1808,541.87,3597.46,0,50/30/20,True,True,True,False,True,1,0.29970685840707967,1.989745575221239
18604,66.83,2704.32,0,50/30/20,True,True,True,False,False,2,0.003592238228337992,0.1453622876800688
904,173.64,2363.16,0,50/30/20,True,True,False,False,True,2,0.1920796460176991,2.6141150442477876
12070,1200.19,14709.15,5,50/30/20,False,False,False,False,False,4,0.09943579121789561,1.2186536868268434
3469,288.72,4663.13,0,50/30/20,True,True,False,True,False,1,0.08322859613721534,1.3442288844047277
4475,489.44,3879.84,2,70/20/10,False,True,True,True,False,0,0.10937206703910614,0.8670033519553073
2381,62.9,5591.08,0,50/30/20,True,False,True,True,False,1,0.026417471650566987,2.3482066358672826
11127,941.87,5856.82,5,70/20/10,False,True,True,False,False,1,0.08464725442617058,0.5263611036218208
2225,514.45,477.33,0,50/30/20,True,False,True,False,True,1,0.23121348314606743,0.21453033707865168
2713,177.16,3828.26,0,50/30/20,True,False,True,True,False,1,0.06530040545521562,1.411079985256174
2410,519.44,595.13,0,60/20/20,True,False,True,False,True,2,0.2155352697095436,0.24694190871369295
1018,292.16,2012.1,0,50/30/20,True,False,True,False,True,4,0.2869941060903733,1.9765225933202357
2116,214.44,6633.8,2,50/30/20,False,True,True,False,True,1,0.10134215500945179,3.1350661625708884
13110,1887.21,8647.1,3,70/20/10,False,False,True,False,False,3,0.14395194508009154,0.6595804729214341
3981,409.73,8135.33,0,50/30/20,False,True,True,True,False,1,0.10292137653855815,2.043539311730721
6543,946.78,6782.06,2,50/30/20,False,True,True,False,False,1,0.1447012073972184,1.0365367568393704
3496,149.61,8436.02,1,50/30/20,False,True,False,True,False,1,0.04279462242562929,2.4130491990846683
12717,1342.53,3166.09,0,70/20/10,True,False,True,False,False,2,0.10556970983722576,0.24896516474011168
2560,599.37,986.69,0,60/20/20,True,True,True,False,True,2,0.23412890625,0.38542578125000004
1667,266.86,3470.19,0,50/30/20,True,False,False,False,True,0,0.16008398320335934,2.0816976604679063
2212,463.93,2449.63,0,50/30/20,True,False,True,False,True,2,0.20973327305605788,1.1074276672694394
3406,846.89,14089.85,4,50/30/20,False,False,True,True,False,1,0.24864650616559014,4.136773341162654
3485,145.49,4562.24,2,50/30/20,False,True,False,True,False,1,0.041747489239598284,1.3091076040172165
9547,1260.37,3691.72,0,60/20/20,True,True,False,False,False,1,0.13201738766104534,0.38668901225515867
14068,1226.32,6909.47,1,60/20/20,False,False,False,False,False,3,0.0871708842763719,0.49114799545066823
6801,975.27,3138.31,0,50/30/20,True,True,False,False,False,0,0.14340097044552272,0.46144831642405526
13452,748.03,8008.6,4,70/20/10,False,False,False,False,False,2,0.05560734463276836,0.5953464168896818
2470,171.36,5783.26,2,50/30/20,False,True,True,True,False,0,0.06937651821862349,2.3414008097165993
3420,904.98,8896.13,0,50/30/20,False,True,False,True,False,1,0.2646140350877193,2.6012076023391812
2631,126.37,5690.04,2,50/30/20,False,True,True,False,True,3,0.048031166856708475,2.162690992018244
1389,343.38,1440.46,0,50/30/20,True,False,True,False,True,4,0.24721382289416846,1.0370482361411086
1502,265.66,10296.96,3,50/30/20,False,False,True,False,True,3,0.17687083888149135,6.855499334221038
2632,210.63,5536.94,0,50/30/20,True,False,True,True,False,1,0.08002659574468085,2.1037006079027356
3886,898.39,3750.23,0,50/30/20,True,True,True,True,False,1,0.23118630983015953,0.9650617601646938
3573,594.91,9805.97,4,50/30/20,False,True,False,True,False,1,0.166501539322698,2.744464035824237
4326,123.4,3766.96,0,70/20/10,True,True,True,True,False,0,0.028525196486361537,0.8707720758206196
3929,571.36,12151.67,4,50/30/20,False,False,False,True,False,1,0.1454212267752609,3.092814965640112
1583,89.4,3073.69,0,50/30/20,False,True,False,True,False,1,0.056475047378395454,1.9416866708780796
13161,1259.43,8681.49,1,70/20/10,False,True,True,False,False,0,0.09569409619329838,0.6596375655345338
904,102.38,2195.57,0,50/30/20,True,True,True,False,True,3,0.11325221238938053,2.428727876106195
2865,508.49,2582.31,0,50/30/20,True,False,False,True,False,0,0.17748342059336825,0.9013298429319372
1945,263.81,2661.57,0,50/30/20,True,True,True,False,True,2,0.1356349614395887,1.3684164524421594
1594,322.3,5430.74,1,50/30/20,False,False,True,False,True,1,0.20219573400250943,3.406988707653701
3001,285.7,2306.97,0,70/20/10,True,True,False,True,False,0,0.09520159946684438,0.7687337554148617
1119,318.18,1866.9,0,50/30/20,True,True,True,False,True,1,0.284343163538874,1.6683646112600536
2435,166.37,9127.24,4,50/30/20,False,True,False,False,True,3,0.06832443531827516,3.74835318275154
13286,1863.35,3757.45,0,70/20/10,True,True,True,False,False,1,0.14024913442721662,0.28281273520999545
5144,946.81,1061.53,0,50/30/20,True,True,False,False,False,1,0.18406104199066872,0.20636275272161742
2125,246.48,1927.01,0,50/30/20,True,True,False,False,True,2,0.11599058823529411,0.9068282352941176
2513,526.6,2864.49,0,50/30/20,True,True,False,False,True,4,0.20955033824114605,1.1398686828491842
1335,208.17,4014.82,0,50/30/20,False,False,False,False,True,2,0.15593258426966292,3.0073558052434457
4671,1318.22,3636.21,3,50/30/20,False,True,True,True,False,0,0.2822136587454507,0.7784649967886962
1123,196.03,9412.24,2,50/30/20,False,False,False,True,False,0,0.17455921638468389,8.3813357079252
15123,1875.63,10737.2,1,70/20/10,False,False,False,False,False,2,0.12402499504066654,0.709991403821993
3318,496.51,7765.13,5,50/30/20,False,False,False,True,False,1,0.14964135021097047,2.3403044002411093
3066,515.96,901.58,0,50/30/20,True,True,False,True,False,1,0.1682844096542727,0.2940574037834312
4283,598.84,14448.13,1,50/30/20,False,False,False,True,False,1,0.13981788466028486,3.3733667989726825
1883,105.46,9073.42,5,50/30/20,False,False,True,False,True,3,0.05600637280934678,4.818597981943707
2849,257.03,7360.5,1,50/30/20,False,False,False,False,True,2,0.09021762021762021,2.5835380835380835
2627,427.0,3762.38,3,50/30/20,False,False,True,False,True,2,0.1625428245146555,1.4321964217738865
4778,811.76,5241.5,0,50/30/20,True,False,False,True,False,1,0.16989535370447886,1.0970071159480954
2991,690.71,6039.55,3,50/30/20,False,False,False,True,False,0,0.23092945503176196,2.019241056502842
1275,369.28,4047.08,0,50/30/20,True,True,True,False,True,3,0.2896313725490196,3.1741803921568628
4284,1082.97,2793.77,0,70/20/10,True,True,True,True,False,0,0.25279411764705884,0.652140522875817
3354,809.52,11598.64,0,50/30/20,False,False,True,True,False,1,0.24135957066189623,3.4581514609421586
1214,244.09,1831.31,0,50/30/20,True,False,True,False,True,2,0.20106260296540363,1.508492586490939
1316,303.25,13223.26,5,50/30/20,False,False,True,False,True,3,0.23043313069908813,10.04806990881459
4594,947.11,1896.94,0,50/30/20,True,True,True,True,False,0,0.20616238572050502,0.41291684806269047
1825,497.67,10227.76,3,50/30/20,False,True,False,True,False,0,0.27269589041095893,5.604252054794521
4865,1358.01,8854.75,2,50/30/20,False,False,True,False,False,1,0.27913874614594036,1.820092497430627
1571,323.88,2442.76,0,50/30/20,True,False,False,False,True,3,0.2061616804583068,1.554907702100573
1243,174.79,684.37,0,60/20/20,True,False,True,False,True,0,0.14061946902654868,0.5505792437650845
2317,75.89,2244.54,0,50/30/20,True,False,False,False,True,2,0.032753560638757014,0.9687268018990073
1940,455.33,5170.43,0,50/30/20,True,False,True,False,True,1,0.2347061855670103,2.6651701030927835
4698,453.0,2766.65,0,60/20/20,True,True,False,True,False,0,0.09642401021711366,0.5888995317156237
927,145.25,10236.7,2,50/30/20,False,True,True,True,False,0,0.15668824163969794,11.042826321467098
5567,345.98,2971.26,0,70/20/10,True,True,False,False,False,1,0.06214837434884139,0.5337273217172624
2077,566.41,7744.41,1,50/30/20,False,False,False,True,False,1,0.2727058257101589,3.7286519017814155
1008,263.06,4143.12,0,50/30/20,True,True,True,False,True,0,0.2609722222222222,4.1102380952380955
3291,929.18,3021.98,0,50/30/20,True,False,False,True,False,0,0.28233971437253114,0.9182558492859313
3580,464.72,531.03,0,70/20/10,True,False,False,True,False,0,0.1298100558659218,0.14833240223463687
1724,233.01,3051.11,3,50/30/20,False,True,False,True,False,1,0.13515661252900232,1.7697853828306265
1612,378.61,13215.18,0,50/30/20,False,False,False,True,False,1,0.2348697270471464,8.198002481389578
1831,538.68,7522.4,5,50/30/20,False,False,True,False,True,3,0.29419989077007097,4.108356089568542
1670,245.83,2001.53,0,50/30/20,True,False,False,False,True,3,0.14720359281437126,1.1985209580838323
1942,465.79,5561.03,0,50/30/20,True,False,True,False,True,2,0.23985066941297634,2.863558187435633
7417,487.95,3709.88,0,70/20/10,True,True,True,False,False,4,0.06578805446946205,0.5001860590535256
4136,905.94,10276.89,3,50/30/20,False,False,False,True,False,1,0.2190377176015474,2.4847412959381043
2528,601.1,4012.19,2,50/30/20,False,True,True,False,True,4,0.23777689873417723,1.5871004746835444
1525,132.77,14149.03,0,50/30/20,False,False,True,False,True,2,0.08706229508196722,9.278052459016394
1249,370.19,8038.93,2,50/30/20,False,True,False,False,True,2,0.2963891112890312,6.436293034427543
4313,1263.15,9114.93,2,50/30/20,False,False,True,True,False,1,0.29287039183862745,2.1133619290517043
1863,231.99,13589.69,2,50/30/20,False,False,True,False,True,3,0.12452495974235105,7.294519592055824
1029,56.04,11572.6,0,50/30/20,False,False,False,False,True,2,0.054460641399416906,11.24645286686103
2759,311.69,10280.58,3,50/30/20,False,True,True,False,True,3,0.1129720913374411,3.726197897789054
2199,428.24,1978.22,0,50/30/20,True,True,True,False,True,1,0.1947430650295589,0.899599818099136
1909,101.79,11266.4,0,50/30/20,False,True,True,False,True,2,0.05332111052907282,5.901728653745416
2508,74.99,3913.51,0,50/30/20,True,False,False,False,True,3,0.029900318979266347,1.5604106858054227
1804,507.14,3753.7,4,50/30/20,False,True,True,False,True,2,0.281119733924612,2.0807649667405763
2545,677.75,3785.7,5,50/30/20,False,True,True,False,True,0,0.26630648330058937,1.4875049115913554
1487,310.41,3768.32,0,50/30/20,True,True,True,False,True,3,0.20874915938130464,2.5341761936785474
10669,354.69,2437.99,0,50/30/20,True,False,False,False,False,0,0.03324491517480551,0.22851157559283905
15158,491.65,4541.26,0,60/20/20,True,True,False,False,False,0,0.0324350178123763,0.2995949333685183
1207,353.41,11586.07,4,50/30/20,False,False,True,False,True,3,0.2928003314001657,9.599063794531897
2484,616.02,672.98,0,50/30/20,True,True,True,False,True,0,0.2479951690821256,0.27092592592592596
3086,707.83,4747.67,0,50/30/20,True,True,True,True,False,1,0.22936811406351265,1.538454309786131
2919,409.1,4662.66,0,50/30/20,True,True,False,False,True,2,0.14015073655361426,1.5973484069886947
1094,290.61,2602.54,0,50/30/20,True,True,True,False,True,1,0.2656398537477148,2.378921389396709
3079,545.14,5347.9,0,50/30/20,True,False,False,True,False,0,0.1770509905813576,1.736895095810328
2275,515.11,8037.35,4,50/30/20,False,True,False,False,True,1,0.22642197802197803,3.532901098901099
3651,608.8,4104.58,2,50/30/20,False,False,False,True,False,1,0.16674883593536016,1.1242344563133388
2651,154.13,11761.51,2,50/30/20,False,True,False,False,True,0,0.05814032440588457,4.43663145982648
983,178.17,4621.73,0,50/30/20,True,False,False,True,False,1,0.18125127161749743,4.701658189216683
1605,408.94,4778.19,0,50/30/20,False,False,False,False,True,2,0.254791277258567,2.9770654205607476
2633,99.83,2235.4,0,70/20/10,True,False,True,False,True,0,0.037914925939992405,0.8489935434865173
2832,217.51,7186.96,5,50/30/20,False,False,True,True,False,0,0.07680437853107344,2.537768361581921
2783,376.42,3436.54,3,50/30/20,False,False,True,True,False,1,0.13525691699604744,1.2348329141214516
4020,1153.24,2819.86,0,70/20/10,True,False,False,True,False,0,0.28687562189054727,0.7014577114427861
4411,1187.24,5919.29,0,50/30/20,True,False,True,True,False,0,0.2691543867603718,1.3419383359782362
19713,584.61,5332.88,0,50/30/20,True,False,False,False,False,0,0.029656064525947344,0.2705260488002841
2453,350.87,8526.38,1,50/30/20,False,False,True,False,True,1,0.14303709743171628,3.4758988993069706
1041,275.01,4500.86,0,50/30/20,True,True,True,True,False,0,0.264178674351585,4.32359269932757
2949,242.64,3683.64,0,50/30/20,True,False,False,True,False,1,0.08227873855544252,1.24911495422177
1438,337.74,14669.73,4,50/30/20,False,False,False,False,True,2,0.23486787204450627,10.201481223922114
2848,660.2,3339.42,3,50/30/20,False,True,False,False,True,2,0.231811797752809,1.1725491573033708
10553,248.93,10447.8,2,50/30/20,False,True,False,False,False,1,0.02358855301809912,0.9900312707287027
2339,370.02,10219.22,1,50/30/20,False,True,False,False,True,4,0.15819581017528858,4.369055151774262
4619,624.27,10598.51,2,50/30/20,False,True,False,True,False,0,0.13515263043948905,2.2945464386230787
1666,74.64,4022.45,0,50/30/20,True,True,True,False,True,1,0.04480192076830732,2.4144357743097236
2347,454.98,2583.67,0,50/30/20,True,True,True,False,True,0,0.19385598636557308,1.1008393694077545
20214,531.09,1586.05,0,70/20/10,True,True,False,False,False,2,0.02627337488869101,0.07846294647274166
1393,273.8,3104.43,0,50/30/20,True,True,False,False,True,2,0.19655419956927495,2.2285929648241205
2862,716.53,1236.47,0,70/20/10,True,True,False,False,True,3,0.2503598881900769,0.4320300489168414
4728,296.42,1774.03,0,50/30/20,True,True,True,True,False,1,0.06269458544839256,0.3752178510998308
14298,262.2,3734.11,0,60/20/20,True,False,True,False,False,3,0.01833822912295426,0.2611630997342286
1921,339.93,5377.02,2,50/30/20,False,False,True,False,True,4,0.176954711087975,2.7990733992712133
3774,139.09,13015.89,2,50/30/20,False,False,True,True,False,0,0.03685479597244303,3.4488314785373606
6482,1083.84,11249.47,5,50/30/20,False,False,False,False,False,0,0.1672076519592718,1.735493674791731
3195,928.08,4298.81,0,50/30/20,False,True,False,True,False,0,0.2904788732394366,1.3454804381846637
3795,1086.99,2088.59,0,70/20/10,True,False,False,False,False,1,0.2864268774703557,0.5503530961791832
3077,474.32,10989.12,0,50/30/20,False,False,False,True,False,1,0.15415014624634385,3.5713747156321096
4693,626.42,10376.3,3,50/30/20,False,False,False,True,False,0,0.13347965054336244,2.211016407415299
1102,55.8,4878.23,0,50/30/20,True,False,False,True,False,0,0.05063520871143375,4.426705989110707
1467,113.43,6105.12,0,50/30/20,False,True,True,False,True,3,0.07732106339468303,4.161635991820041
3555,950.05,4896.17,0,50/30/20,True,True,False,True,False,1,0.2672433192686357,1.3772630098452883
2554,707.49,6469.66,3,50/30/20,False,False,True,False,True,3,0.27701252936570087,2.5331480031323412
2472,50.1,3554.42,0,50/30/20,True,True,False,False,True,2,0.020266990291262138,1.4378721682847897
4095,370.42,8831.36,5,50/30/20,False,True,False,True,False,0,0.09045665445665446,2.156620268620269
18878,1493.0,1938.73,0,50/30/20,True,False,False,False,False,2,0.07908676766606632,0.10269784934844793
1639,221.57,7116.99,0,50/30/20,False,True,True,True,False,1,0.13518608907870652,4.342275777913362
2609,379.48,2160.22,0,70/20/10,True,False,True,False,True,4,0.14545036412418552,0.8279877347642774
3800,238.08,4359.46,0,50/30/20,False,False,False,True,False,0,0.06265263157894738,1.1472263157894738
4912,170.11,4064.07,0,70/20/10,True,False,False,True,False,0,0.03463151465798046,0.8273758143322476
2822,82.71,1233.43,0,50/30/20,True,True,True,True,False,0,0.02930900070871722,0.4370765414599575
2712,104.33,1696.03,0,70/20/10,True,True,False,False,True,2,0.03846976401179941,0.6253797935103245
3825,937.13,3583.89,0,50/30/20,True,True,True,True,False,1,0.2450013071895425,0.9369647058823529
930,177.95,11461.03,5,50/30/20,False,False,True,False,True,3,0.19134408602150538,12.323688172043012
4270,1150.17,3511.41,0,50/30/20,True,False,True,True,False,0,0.26936065573770496,0.822344262295082
4917,926.72,5826.71,0,50/30/20,True,False,False,True,False,1,0.18847264592231036,1.1850132194427496
4872,755.22,862.74,0,60/20/20,True,False,False,True,False,0,0.15501231527093598,0.17708128078817734
19390,141.6,2974.74,0,50/30/20,True,True,False,False,False,4,0.007302733367715317,0.15341619391438885
2021,196.36,11296.6,0,50/30/20,False,False,True,True,False,0,0.09715982187036122,5.589609104403761
7195,1513.01,5971.75,0,50/30/20,True,False,False,False,False,2,0.21028630993745656,0.8299861014593468
7343,1469.64,5244.55,4,70/20/10,False,True,False,False,False,0,0.20014163148576877,0.7142244314312951
1264,349.46,11333.62,3,50/30/20,False,True,True,True,False,1,0.27647151898734174,8.966471518987342
13660,157.46,2607.77,0,50/30/20,True,True,True,False,False,2,0.011527086383601757,0.19090556368960468
1449,107.05,4247.64,5,50/30/20,False,True,False,False,True,1,0.07387853692201518,2.9314285714285715
2923,435.91,12037.75,4,50/30/20,False,False,True,True,False,0,0.14913102976394116,4.118286007526514
1776,104.83,5508.33,0,50/30/20,True,False,True,False,True,1,0.0590259009009009,3.101537162162162
4605,727.85,971.07,0,50/30/20,True,True,False,True,False,1,0.15805646036916396,0.21087296416938112
4273,141.52,11341.46,0,50/30/20,False,True,False,True,False,0,0.03311958811139715,2.654214837350807
2039,281.81,13577.42,1,50/30/20,False,False,True,False,True,3,0.13820990681706719,6.658862187346739
944,63.65,9871.58,2,50/30/20,False,False,False,False,True,3,0.06742584745762711,10.45718220338983
8675,752.7,11805.95,0,50/30/20,False,False,False,False,False,0,0.08676657060518733,1.3609164265129683
3844,62.81,11314.92,5,50/30/20,False,False,True,True,False,1,0.016339750260145683,2.9435275754422476
10619,214.47,2148.01,0,50/30/20,True,False,True,False,False,3,0.02019681702608532,0.20227987569450986
6602,335.78,6753.93,1,50/30/20,False,False,False,False,False,3,0.05086034534989397,1.0230127234171464
916,86.37,14071.57,3,50/30/20,False,False,False,True,False,1,0.09429039301310044,15.361975982532751
1073,213.47,11965.75,0,50/30/20,False,True,False,False,True,4,0.19894687791239515,11.151677539608574
2567,287.1,582.89,0,50/30/20,True,False,True,False,True,0,0.11184261784183873,0.22707051032333464
1347,264.96,3026.37,0,50/30/20,True,False,True,False,True,4,0.19670378619153672,2.2467483296213806
1872,488.14,10774.32,0,50/30/20,False,True,True,False,True,3,0.260758547008547,5.755512820512821
1645,307.61,2526.66,0,50/30/20,True,True,True,False,True,1,0.1869969604863222,1.5359635258358662
3103,625.61,2273.65,0,70/20/10,True,False,False,True,False,0,0.20161456654850146,0.7327263938124396
1091,128.34,7674.28,2,50/30/20,False,False,True,True,False,1,0.1176351970669111,7.03417048579285
2968,752.35,10355.42,5,50/30/20,False,False,True,False,True,3,0.25348719676549863,3.489022911051213
10030,1777.34,1527.29,0,50/30/20,True,False,True,False,False,0,0.17720239282153538,0.15227218344965104
1403,394.81,4908.15,0,50/30/20,False,False,False,False,True,1,0.2814041339985745,3.498325017818959
1727,342.91,5621.48,0,50/30/20,True,False,True,False,True,3,0.19855819339895775,3.2550550086855816
1640,236.03,5582.99,0,50/30/20,False,True,False,False,True,2,0.14392073170731706,3.404262195121951
2418,401.49,10370.69,1,50/30/20,False,True,False,False,True,3,0.1660421836228288,4.288953680727874
1548,419.64,1431.55,0,50/30/20,True,True,True,True,False,0,0.27108527131782945,0.9247739018087855
2713,806.62,4960.95,0,50/30/20,True,False,True,False,True,4,0.29731662366384076,1.828584592701806
1760,479.87,5544.47,1,50/30/20,False,False,False,False,True,3,0.27265340909090907,3.1502670454545454
1222,60.63,836.85,0,70/20/10,True,True,False,False,True,1,0.04961538461538462,0.6848199672667757
4887,1082.67,4387.84,0,50/30/20,True,False,True,True,False,1,0.22154082259054636,0.8978596275833846
4918,766.93,8871.83,4,50/30/20,False,False,True,True,False,1,0.15594347295648636,1.8039507930052867
2855,292.67,10329.62,1,50/30/20,False,False,False,False,True,1,0.10251138353765324,3.6180805604203155
3481,277.58,7582.05,1,50/30/20,False,False,True,True,False,1,0.07974145360528584,2.178124102269463
1101,104.51,13538.67,3,50/30/20,False,False,True,True,False,0,0.0949227974568574,12.296702997275204
2756,288.42,3488.37,0,50/30/20,True,True,True,False,True,1,0.10465166908563135,1.2657365747460088
1250,118.8,1847.61,0,50/30/20,True,True,False,False,True,4,0.09504,1.4780879999999998
4837,146.29,3085.6,0,70/20/10,True,True,True,True,False,0,0.030243952863345046,0.6379160636758321
1601,401.82,7146.02,2,50/30/20,False,True,False,False,True,3,0.25098063710181134,4.463472829481574
2945,414.06,3899.22,1,50/30/20,False,False,True,False,True,1,0.14059762308998303,1.3240135823429542
3455,834.58,8019.75,3,50/30/20,False,False,True,True,False,1,0.24155716353111434,2.321201157742402
1804,501.1,1223.0,0,70/20/10,True,True,True,False,True,4,0.27777161862527716,0.6779379157427938
1182,215.69,5721.22,2,50/30/20,False,False,False,True,False,0,0.18247884940778342,4.8402876480541455
2727,113.66,12955.65,1,50/30/20,False,False,False,True,False,0,0.04167950128346168,4.750880088008801
1197,227.15,10985.1,3,50/30/20,False,True,True,True,False,0,0.18976608187134503,9.177192982456141
2682,527.64,4737.89,0,50/30/20,True,True,False,True,False,1,0.1967337807606264,1.766551081282625
2936,144.76,5799.44,1,50/30/20,False,False,True,False,True,4,0.04930517711171662,1.9752861035422342
3784,1079.18,4848.37,5,50/30/20,False,False,True,True,False,1,0.2851955602536998,1.281281712473573
2776,91.93,1293.13,0,70/20/10,True,True,True,False,True,1,0.033115994236311244,0.4658249279538905
4688,719.75,628.68,0,70/20/10,True,False,True,True,False,0,0.15353029010238908,0.13410409556313993
3487,934.08,556.25,0,70/20/10,True,False,True,True,False,0,0.2678749641525667,0.15952107829079437
4661,646.88,8341.09,0,50/30/20,False,False,True,True,False,0,0.13878566831152114,1.7895494529071014
14365,457.59,14627.31,4,50/30/20,False,False,False,False,False,0,0.03185450748346676,1.0182603550295857
2759,269.48,6266.48,0,50/30/20,True,False,False,True,False,1,0.09767306995288148,2.271286698079014
1224,295.25,8952.6,3,50/30/20,False,True,False,False,True,0,0.2412173202614379,7.31421568627451
1790,518.44,3245.96,0,50/30/20,True,True,False,False,True,4,0.28963128491620116,1.8133854748603353
5581,1623.82,3925.47,0,70/20/10,True,False,True,False,False,3,0.290955025981007,0.7033631965597563
2925,569.93,13075.62,3,50/30/20,False,False,True,False,True,1,0.19484786324786324,4.470297435897436
11871,1670.13,909.77,0,60/20/20,True,False,True,False,False,4,0.1406899166034875,0.07663802544014826
1451,337.33,10971.22,4,50/30/20,False,False,True,False,True,2,0.23248104755341142,7.5611440385940725
4629,622.45,7220.21,5,50/30/20,False,True,True,True,False,1,0.13446748757831067,1.5597774897386045
1466,70.48,1924.78,0,50/30/20,True,True,False,False,True,4,0.04807639836289223,1.3129467939972714
2780,664.25,1530.17,0,70/20/10,True,False,True,False,True,2,0.2389388489208633,0.5504208633093526
4390,736.24,4727.79,0,50/30/20,True,True,False,True,False,1,0.16770842824601367,1.0769453302961276
3289,57.79,3768.5,0,50/30/20,True,True,False,True,False,0,0.017570690179385832,1.1457889936150805
2487,619.02,3921.5,0,50/30/20,True,False,False,True,False,0,0.24890229191797344,1.576799356654604
1640,102.67,1844.39,0,50/30/20,True,False,True,True,False,0,0.06260365853658537,1.1246280487804878
2669,477.02,10867.9,3,50/30/20,False,False,False,False,True,3,0.17872611464968152,4.071899587860622
2552,152.3,6166.8,1,50/30/20,False,True,True,False,True,1,0.05967868338557994,2.4164576802507836
4209,1000.98,13814.41,3,50/30/20,False,False,True,True,False,0,0.23781895937277264,3.282112140650986
1897,545.99,4605.44,0,50/30/20,True,False,True,True,False,0,0.28781760674749607,2.4277490774907746
2274,283.58,1326.76,0,70/20/10,True,False,True,False,True,3,0.12470536499560246,0.5834476693051891
19301,1854.73,3551.9,0,70/20/10,True,False,False,False,False,0,0.09609502098336874,0.184026734366095
1826,397.59,4894.85,0,50/30/20,True,False,True,False,True,0,0.2177382256297919,2.6806407447973717
11140,802.15,6069.25,4,70/20/10,False,False,False,False,False,2,0.07200628366247756,0.5448159784560144
1910,145.58,3042.7,5,50/30/20,False,True,False,False,True,0,0.07621989528795813,1.5930366492146595
1650,82.95,11055.22,1,50/30/20,False,True,False,False,True,3,0.050272727272727274,6.700133333333333
16576,1390.18,5310.64,0,70/20/10,True,False,True,False,False,1,0.08386703667953668,0.32038127413127415
914,258.42,5233.81,1,50/30/20,False,False,True,False,True,3,0.2827352297592998,5.726269146608315
6950,1062.08,1564.99,0,50/30/20,True,True,True,False,False,2,0.15281726618705035,0.22517841726618706
5542,419.58,537.47,0,50/30/20,True,True,False,False,False,1,0.07570913027787803,0.096981234211476
1078,285.45,8648.53,2,50/30/20,False,True,False,False,True,4,0.26479591836734695,8.022755102040817
1334,357.68,5248.32,4,50/30/20,False,True,True,False,True,2,0.26812593703148424,3.9342728635682156
1744,351.53,4654.22,5,50/30/20,False,False,True,True,False,1,0.20156536697247704,2.668704128440367
2325,571.8,1579.3,0,70/20/10,True,False,False,True,False,0,0.24593548387096772,0.6792688172043011
2184,388.86,12514.62,1,50/30/20,False,False,True,True,False,1,0.17804945054945057,5.730137362637363
5400,426.01,7201.49,4,50/30/20,False,True,False,False,False,3,0.07889074074074073,1.3336092592592592
1648,478.7,846.22,0,70/20/10,True,True,False,True,False,0,0.29047330097087376,0.5134830097087378
1650,232.45,10646.24,3,50/30/20,False,False,False,False,True,1,0.14087878787878788,6.452266666666667
1588,304.23,3759.58,0,50/30/20,True,False,False,True,False,1,0.19158060453400505,2.3674937027707808
3237,192.19,1452.32,0,50/30/20,True,True,False,True,False,0,0.05937287611986407,0.44866234167438984
3093,504.45,5822.89,1,50/30/20,False,True,True,True,False,0,0.163094083414161,1.8826026511477532
2071,451.2,4950.6,0,50/30/20,True,False,False,True,False,1,0.21786576533075808,2.390439401255432
4436,729.91,11928.39,5,50/30/20,False,True,False,True,False,1,0.1645423805229937,2.6889968440036065
1533,355.34,4030.21,0,50/30/20,True,False,False,False,True,2,0.2317938682322244,2.628969341161122
4609,341.45,12247.14,5,50/30/20,False,False,True,True,False,1,0.07408331525276632,2.657222824907789
969,244.36,3487.27,0,50/30/20,True,True,False,False,True,3,0.2521775025799794,3.598833849329205
10504,432.55,10731.17,3,50/30/20,False,True,False,False,False,3,0.04117955064737243,1.0216269992383853
8260,1659.45,11552.29,4,50/30/20,False,False,True,False,False,2,0.20090193704600484,1.398582324455206
3503,898.35,3707.69,0,50/30/20,True,True,False,False,False,1,0.2564516129032258,1.0584327719097917
1469,201.0,5314.38,0,50/30/20,False,True,True,False,True,3,0.13682777399591559,3.6176855003403676
2349,516.27,5765.81,0,50/30/20,True,False,False,False,True,1,0.21978288633461046,2.45458067262665
5714,1199.18,627.03,0,50/30/20,True,False,True,False,False,2,0.2098669933496675,0.10973573678683934
2953,358.83,10791.55,5,50/30/20,False,True,False,False,True,2,0.12151371486623772,3.6544361666102265
4627,879.38,6552.88,5,50/30/20,False,False,True,False,False,0,0.1900540306894316,1.4162264966500973
10065,1704.81,5378.99,0,70/20/10,True,False,False,False,False,3,0.1693800298062593,0.5344252359662196
4707,1076.8,2666.18,0,70/20/10,True,True,False,True,False,0,0.22876566815381347,0.5664287231782451
5234,752.16,4650.49,0,50/30/20,True,True,True,False,False,4,0.14370653419946502,0.888515475735575
2987,463.59,1903.36,0,70/20/10,True,True,False,False,True,1,0.1552025443588885,0.6372145965852025
18024,982.82,3696.23,0,50/30/20,True,True,False,False,False,1,0.05452840656901909,0.20507268086995117
2799,602.97,11092.82,0,50/30/20,False,False,False,False,True,4,0.21542336548767418,3.96313683458378
1972,76.05,4811.92,0,50/30/20,True,True,False,False,True,4,0.038564908722109534,2.4401217038539555
5016,886.9,4344.31,0,50/30/20,True,False,False,False,False,0,0.17681419457735248,0.8660905103668263
1568,138.26,8436.84,5,50/30/20,False,False,False,True,False,0,0.08817602040816326,5.380637755102041
1825,536.01,1545.65,0,50/30/20,True,True,True,False,True,4,0.2937041095890411,0.8469315068493151
16192,1742.19,5680.09,0,50/30/20,False,False,True,False,False,4,0.10759572628458498,0.35079607213438735
3093,85.69,9026.45,1,50/30/20,False,False,False,True,False,0,0.02770449401875202,2.918347882314905
1515,221.62,1149.12,0,70/20/10,True,False,True,False,True,4,0.1462838283828383,0.7584950495049504
13373,1353.98,4159.14,5,60/20/20,False,False,True,False,False,0,0.10124728931428999,0.31101024452254544
2172,288.75,2200.96,0,50/30/20,True,True,False,True,False,1,0.13294198895027623,1.0133333333333334
4026,590.41,9518.75,1,50/30/20,False,False,True,True,False,0,0.14664927968206656,2.3643194237456533
2748,503.07,3540.78,0,50/30/20,True,False,True,False,True,3,0.18306768558951964,1.2884934497816594
8819,358.98,3471.61,0,50/30/20,True,True,True,False,False,2,0.040705295384964285,0.39365120761991157
2697,727.82,3858.07,0,50/30/20,True,False,True,True,False,1,0.26986281053021877,1.4305042639970338
2759,471.32,3713.09,0,50/30/20,True,True,False,False,True,1,0.17083001087350488,1.3458100761145344
4427,1198.21,4007.34,0,50/30/20,True,False,False,False,False,1,0.27065958888637903,0.9052044273774565
2001,506.83,6419.61,0,50/30/20,False,True,False,True,False,0,0.253288355822089,3.2082008995502247
4186,62.44,982.16,0,60/20/20,True,True,False,True,False,0,0.014916387959866221,0.23462971810797897
2660,698.94,3498.92,3,50/30/20,False,True,True,False,True,4,0.26275939849624064,1.3153834586466167
1154,187.08,2337.66,0,50/30/20,True,True,True,False,True,2,0.16211438474870019,2.025701906412478
1132,243.12,10282.83,3,50/30/20,False,True,False,False,True,1,0.21477031802120142,9.083772084805654
2593,191.42,1444.79,0,70/20/10,True,False,False,False,True,1,0.07382182799845738,0.5571885846509834
2396,717.34,6595.49,4,50/30/20,False,True,True,False,True,3,0.2993906510851419,2.7527086811352253
4245,258.73,3876.66,0,70/20/10,True,True,False,True,False,0,0.06094935217903416,0.9132296819787985
2776,644.51,5331.52,0,50/30/20,True,False,True,False,True,1,0.2321721902017291,1.9205763688760809
1614,126.48,11148.95,0,50/30/20,False,True,False,False,True,2,0.078364312267658,6.907651796778191
4396,1283.87,12088.38,4,50/30/20,False,False,True,True,False,1,0.2920541401273885,2.7498589626933576
2366,535.93,10787.95,5,50/30/20,False,True,False,False,True,0,0.22651310228233304,4.559573119188504
2501,120.0,6782.02,3,50/30/20,False,True,True,False,True,2,0.04798080767692923,2.7117233106757297
1945,502.64,6083.13,3,50/30/20,False,True,True,False,True,4,0.258426735218509,3.127573264781491
1621,103.04,2262.26,0,50/30/20,True,False,True,True,False,0,0.06356570018507095,1.395595311536089
4841,1059.24,688.26,0,60/20/20,True,False,False,True,False,0,0.21880603181160918,0.1421731047304276
2909,201.75,4246.22,0,50/30/20,True,True,True,False,True,3,0.06935372980405638,1.4596837401168787
2885,777.55,932.9,0,50/30/20,True,True,False,False,True,3,0.2695147313691508,0.32336221837088386
4141,578.83,4371.34,1,50/30/20,False,True,False,True,False,0,0.13978024631731467,1.0556242453513645
2976,875.19,3567.88,0,50/30/20,True,True,True,False,True,2,0.2940826612903226,1.1988844086021506
1399,203.01,6192.93,2,50/30/20,False,True,True,True,False,0,0.1451107934238742,4.426683345246605
7588,1411.59,5396.36,0,70/20/10,True,False,False,False,False,1,0.18602925672113862,0.7111702688455456
1494,107.95,5737.84,5,50/30/20,False,False,False,False,True,3,0.07225568942436413,3.8405890227576975
1219,154.95,7264.94,2,50/30/20,False,True,True,False,True,2,0.1271123872026251,5.959753896636587
2118,334.35,1018.22,0,60/20/20,True,True,True,False,True,1,0.15786118980169972,0.48074598677998115
2471,324.04,3613.69,0,50/30/20,True,False,True,False,True,2,0.13113719142047756,1.4624403075677863
1190,58.86,1757.92,0,50/30/20,True,False,True,True,False,1,0.04946218487394958,1.4772436974789918
9461,1842.18,3386.78,5,50/30/20,False,True,False,False,False,1,0.19471303244900118,0.35797273015537473
1547,295.07,4392.79,0,50/30/20,True,True,True,False,True,3,0.19073691014867486,2.839553975436328
2252,508.82,467.56,0,50/30/20,True,True,True,False,True,1,0.22594138543516873,0.20761989342806395
2411,303.59,2689.17,0,50/30/20,True,False,True,False,True,2,0.1259187059311489,1.1153753629199503
3200,634.48,5428.39,3,50/30/20,False,True,True,True,False,0,0.198275,1.696371875
9509,812.87,10470.87,4,50/30/20,False,False,False,False,False,0,0.08548427805237144,1.10115364391629
3995,62.27,5302.5,4,50/30/20,False,False,False,True,False,1,0.015586983729662078,1.3272841051314144
1927,557.38,6120.96,5,50/30/20,False,True,True,False,True,3,0.2892475350285418,3.176419304618578
4484,945.81,5437.7,0,50/30/20,True,False,True,True,False,0,0.2109299732381802,1.2126895628902765
2399,386.5,12726.73,1,50/30/20,False,False,False,False,True,3,0.16110879533138808,5.305014589412255
2667,196.59,8299.1,3,50/30/20,False,True,False,True,False,1,0.07371203599550057,3.1117735283089614
1635,94.5,2201.03,0,50/30/20,True,False,False,False,True,3,0.05779816513761468,1.3461957186544344
7743,1518.52,9878.9,1,50/30/20,False,False,False,False,False,4,0.196115200826553,1.275849154074648
3769,60.66,1094.7,0,50/30/20,True,False,False,True,False,0,0.01609445476253648,0.29044839479968165
1936,139.18,12250.16,4,50/30/20,False,False,False,False,True,2,0.07189049586776859,6.327561983471075
2205,528.25,9668.75,5,50/30/20,False,False,True,False,True,0,0.23956916099773243,4.384920634920635
1689,382.46,4489.59,0,50/30/20,True,True,True,False,True,4,0.22644168146832444,2.6581349911190055
2413,696.48,5947.16,1,50/30/20,False,True,True,False,True,3,0.28863655200994615,2.4646332366348944
1911,166.86,5432.41,5,50/30/20,False,True,True,True,False,1,0.08731554160125589,2.842705389848247
4154,1097.17,7734.14,4,50/30/20,False,False,False,True,False,0,0.2641237361579201,1.8618536350505537
1602,177.64,468.31,0,50/30/20,True,True,True,False,True,1,0.11088639200998751,0.2923283395755306
1883,219.94,10479.18,3,50/30/20,False,True,False,True,False,1,0.11680297397769517,5.565151354221986
3815,218.23,8644.59,3,50/30/20,False,False,False,True,False,0,0.05720314547837484,2.2659475753604195
1526,385.13,5601.75,0,50/30/20,True,False,False,True,False,1,0.25237876802096987,3.6708715596330275
1427,159.15,4069.2,0,50/30/20,True,False,True,True,False,0,0.11152768044849334,2.8515767344078484
2258,87.78,8998.14,1,50/30/20,False,False,False,False,True,1,0.03887511071744907,3.9850044286979625
9794,1741.36,3830.87,3,50/30/20,False,True,True,False,False,1,0.1777986522360629,0.391144578313253
1007,183.28,1269.8,0,50/30/20,True,True,False,True,False,0,0.18200595829195632,1.2609731876861965
14559,1600.09,2827.24,0,60/20/20,True,True,True,False,False,0,0.1099038395494196,0.194191908784944
6182,705.18,3898.57,0,70/20/10,True,True,False,False,False,1,0.1140698802976383,0.630632481397606
1068,52.6,4597.3,0,50/30/20,True,False,False,False,True,2,0.04925093632958802,4.304588014981274
1296,279.77,3772.0,3,50/30/20,False,False,False,False,True,0,0.2158719135802469,2.9104938271604937
4849,206.4,5312.67,5,50/30/20,False,False,False,True,False,1,0.042565477418024335,1.0956217776861208
7016,1010.26,5139.62,1,70/20/10,False,False,True,False,False,2,0.14399372862029647,0.7325570125427594
1749,324.64,4357.86,0,50/30/20,False,True,True,False,True,4,0.18561463693539165,2.4916295025728985
2758,165.15,2562.86,0,70/20/10,True,False,False,False,True,3,0.05988034807831762,0.9292458303118202
1409,271.79,6053.46,1,50/30/20,False,True,False,False,True,3,0.19289567068843153,4.2962810503903475
1961,124.85,11022.26,4,50/30/20,False,True,False,False,True,3,0.0636664966853646,5.620734319224885
3678,986.79,2800.66,0,50/30/20,True,True,True,True,False,0,0.2682952691680261,0.7614627514953779
2472,326.22,5984.93,0,50/30/20,True,False,False,True,False,1,0.13196601941747574,2.4210881877022654
6651,833.43,9970.25,1,50/30/20,False,True,True,False,False,0,0.12530897609382047,1.4990602916854607
2444,217.69,4493.09,0,50/30/20,True,False,True,False,True,1,0.08907119476268412,1.8384165302782325
1009,215.63,2746.59,0,50/30/20,True,False,True,False,True,0,0.21370664023785926,2.7220911793855302
14402,788.01,1888.13,0,70/20/10,True,True,False,False,False,1,0.0547153173170393,0.1311019302874601
3267,894.71,4168.99,0,50/30/20,True,False,False,True,False,0,0.27386287113559843,1.2760912151821242
2125,265.4,5909.52,0,50/30/20,True,False,False,False,True,1,0.12489411764705881,2.7809505882352945
1775,130.96,8227.92,5,50/30/20,False,False,True,True,False,0,0.07378028169014085,4.635447887323943
1145,74.23,7609.84,5,50/30/20,False,True,False,False,True,3,0.0648296943231441,6.646148471615721
17258,130.69,4687.17,0,60/20/20,True,False,False,False,False,3,0.00757271989801831,0.2715940433422181
2511,398.01,4696.83,0,50/30/20,True,True,False,False,True,3,0.15850657108721625,1.8705017921146954
17938,1088.96,9972.64,0,70/20/10,False,False,True,False,False,2,0.0607068792507526,0.5559504961534173
3249,915.61,995.68,0,50/30/20,True,True,True,True,False,1,0.281812865497076,0.3064573714989227
1590,140.17,5816.62,0,50/30/20,True,False,False,True,False,0,0.08815723270440251,3.658251572327044
1418,245.93,6362.54,3,50/30/20,False,False,True,True,False,1,0.17343441466854725,4.4869816643159375
2466,292.27,6507.96,4,50/30/20,False,True,True,True,False,0,0.1185198702351987,2.6390754257907543
1947,430.26,1174.66,0,70/20/10,True,True,False,True,False,0,0.22098613251155624,0.6033179250128403
1344,365.39,6114.98,1,50/30/20,False,True,False,False,True,1,0.27186755952380953,4.549836309523809
926,177.1,13490.88,3,50/30/20,False,False,False,False,True,3,0.19125269978401727,14.568984881209502
13031,770.93,1382.38,0,50/30/20,True,True,False,False,False,2,0.059161230910904763,0.10608395364899087
1729,432.86,6045.25,5,50/30/20,False,False,True,False,True,1,0.2503528050896472,3.496385193753615
5184,492.69,2077.89,0,50/30/20,True,False,True,False,False,2,0.09504050925925926,0.40082754629629624
2045,271.86,2463.29,0,50/30/20,True,False,False,True,False,1,0.13293887530562348,1.2045427872860635
8263,954.4,1368.59,0,60/20/20,True,False,False,False,False,0,0.1155028440033886,0.16562870628101173
2547,248.86,12930.14,2,50/30/20,False,False,True,True,False,1,0.09770710639968591,5.076615626226934
18221,472.42,1822.62,0,70/20/10,True,False,False,False,False,1,0.025927226826189562,0.1000285384995335
12675,1499.47,3743.11,0,60/20/20,True,True,True,False,False,4,0.11830138067061144,0.29531439842209073
3344,631.59,2009.89,0,70/20/10,True,True,True,True,False,0,0.1888726076555024,0.6010436602870813
2011,301.56,6351.83,3,50/30/20,False,False,False,False,True,0,0.14995524614619593,3.158543013426156
2093,367.95,11937.1,4,50/30/20,False,True,True,False,True,1,0.17580028666985187,5.703344481605352
3753,513.28,2946.42,0,70/20/10,True,True,True,True,False,1,0.13676525446309618,0.785083932853717
2346,185.46,2655.86,0,50/30/20,True,False,False,True,False,0,0.0790537084398977,1.1320801364023871
2722,523.57,4754.53,0,50/30/20,True,False,True,False,True,1,0.19234753857457754,1.7467046289493018
1423,127.52,5732.17,0,50/30/20,True,False,True,True,False,0,0.08961349262122277,4.028229093464511
1796,381.55,2791.4,0,50/30/20,True,True,True,False,True,2,0.2124443207126949,1.5542316258351894
2973,497.54,2778.05,0,50/30/20,True,True,False,False,True,3,0.16735284224688868,0.934426505213589
962,226.25,7254.89,5,50/30/20,False,False,False,False,True,2,0.2351871101871102,7.541465696465697
1208,57.69,1352.03,0,50/30/20,True,False,False,True,False,1,0.04775662251655629,1.119230132450331
973,204.98,3982.05,2,50/30/20,False,True,True,True,False,1,0.21066803699897224,4.092548818088386
2917,798.03,9483.12,0,50/30/20,False,True,False,False,True,1,0.2735790195406239,3.250983887555708
11182,1798.65,4220.35,0,50/30/20,True,True,True,False,False,0,0.16085226256483634,0.37742353782865323
2619,413.06,1772.45,0,70/20/10,True,False,True,False,True,1,0.15771668575792286,0.6767659411989309
4794,199.22,5832.53,2,50/30/20,False,False,False,True,False,1,0.0415561118064247,1.2166312056737587
2745,327.29,3702.15,0,50/30/20,True,True,False,False,True,2,0.1192313296903461,1.3486885245901639
1349,209.62,6589.31,1,50/30/20,False,True,False,False,True,2,0.1553891771682728,4.884588584136398
4566,971.88,10454.03,5,50/30/20,False,False,True,True,False,0,0.21285151116951379,2.289537888742882
1455,121.62,3440.37,4,50/30/20,False,True,True,True,False,1,0.08358762886597938,2.3645154639175257
11553,1382.74,13722.33,1,50/30/20,False,False,False,False,False,3,0.11968666147321043,1.1877720072708386
1424,286.05,748.2,0,60/20/20,True,False,False,True,False,1,0.20087780898876406,0.5254213483146067
1955,584.46,4921.22,0,50/30/20,True,True,False,False,True,4,0.29895652173913045,2.5172480818414322
1211,60.91,7342.37,1,50/30/20,False,True,False,True,False,0,0.050297274979355905,6.063063583815029
1967,520.52,5826.23,3,50/30/20,False,True,False,False,True,4,0.26462633451957296,2.96198779867819
1122,210.83,4985.98,0,50/30/20,True,False,True,False,True,0,0.18790552584670234,4.443832442067736
17661,450.7,1735.03,0,50/30/20,True,True,True,False,False,0,0.025519506256723855,0.09824075646905611
3525,1020.98,4852.31,0,50/30/20,True,False,True,True,False,1,0.28963971631205676,1.3765418439716313
4078,694.54,5731.56,5,50/30/20,False,True,False,True,False,1,0.17031387935262382,1.4054830799411477
5351,1484.52,968.91,0,60/20/20,True,False,False,False,False,0,0.2774285180340123,0.18107082788263876
1315,170.31,5859.59,4,50/30/20,False,True,True,True,False,0,0.12951330798479088,4.455961977186312
2625,514.65,2272.69,0,50/30/20,True,True,True,False,True,3,0.19605714285714285,0.8657866666666667
11100,280.86,10027.33,4,70/20/10,False,True,True,False,False,2,0.025302702702702705,0.903363063063063
3679,78.0,1200.36,0,50/30/20,True,False,True,True,False,0,0.02120141342756184,0.32627344387061696
4099,877.79,8888.24,5,50/30/20,False,True,False,True,False,1,0.21414735301292998,2.1683922908026347
11981,404.39,3390.12,0,50/30/20,True,True,False,False,False,1,0.03375260829646941,0.28295801686002836
1070,119.27,968.65,0,50/30/20,True,False,True,False,True,1,0.11146728971962616,0.9052803738317757
1754,140.98,10420.41,0,50/30/20,False,True,True,False,True,0,0.08037628278221208,5.94094070695553
10535,1010.98,12678.11,0,50/30/20,False,False,True,False,False,4,0.09596392975794969,1.2034276222116753
2324,153.7,2844.91,0,50/30/20,True,True,True,False,True,3,0.06613597246127366,1.224143717728055
7782,1458.85,9458.71,4,50/30/20,False,False,False,False,False,3,0.18746466204060652,1.2154600359804677
2542,751.72,1052.57,0,50/30/20,True,True,False,True,False,0,0.29571990558615263,0.41407159716758457
3205,184.63,10320.39,5,50/30/20,False,False,False,True,False,0,0.057606864274570985,3.2200904836193445
994,65.77,12200.49,0,50/30/20,False,False,True,False,True,1,0.06616700201207243,12.274134808853118
5822,1397.86,10365.05,5,50/30/20,False,False,False,False,False,4,0.24009962212298178,1.7803246307110958
2261,220.58,5671.64,3,50/30/20,False,False,False,True,False,1,0.09755860238832376,2.508465280849182
2152,432.39,4006.33,0,50/30/20,True,True,False,False,True,1,0.20092472118959107,1.8616775092936804
4787,794.81,996.62,0,50/30/20,True,False,False,True,False,0,0.16603509504909128,0.2081930227700021
16096,163.88,2093.8,0,70/20/10,True,False,True,False,False,2,0.010181411530815108,0.1300820079522863
1933,458.78,1471.0,0,70/20/10,True,True,False,True,False,1,0.23734092084842212,0.760993274702535
2459,672.39,11659.87,3,50/30/20,False,False,True,True,False,0,0.2734404229361529,4.74171207808052
1330,103.85,10815.49,3,50/30/20,False,True,False,False,True,1,0.0780827067669173,8.131947368421052
12574,1660.38,7781.44,0,70/20/10,False,True,False,False,False,3,0.13204867186257357,0.6188515985366629
1120,126.14,5077.43,0,50/30/20,True,False,False,False,True,2,0.112625,4.533419642857143
1316,74.07,1756.24,0,50/30/20,True,False,False,False,True,2,0.05628419452887538,1.3345288753799391
2007,321.51,7151.6,4,50/30/20,False,True,True,True,False,0,0.16019431988041852,3.5633283507722973
11371,1534.19,9478.49,4,70/20/10,False,True,False,False,False,4,0.13492129100342978,0.8335669686043443
1754,505.81,7575.45,2,50/30/20,False,True,True,True,False,0,0.2883751425313569,4.318956670467503
3508,90.18,1775.68,0,70/20/10,True,False,True,True,False,0,0.02570695553021665,0.5061801596351198
1206,240.25,6225.52,1,50/30/20,False,True,False,False,True,4,0.199212271973466,5.16212271973466
1194,53.33,2927.47,0,50/30/20,True,False,True,False,True,1,0.044664991624790616,2.4518174204355105
2336,430.44,4035.05,3,50/30/20,False,False,False,False,True,2,0.18426369863013697,1.7273330479452056
3979,914.44,2039.83,0,70/20/10,True,False,False,True,False,1,0.22981653681829606,0.5126489067604926
2473,219.04,1252.26,0,70/20/10,True,True,True,False,True,3,0.08857258390618682,0.5063728265264861
965,176.42,3769.15,3,50/30/20,False,False,False,True,False,1,0.18281865284974091,3.9058549222797927
4736,1010.52,1298.93,0,60/20/20,True,True,False,True,False,1,0.21336993243243244,0.2742673141891892
3041,472.25,11825.69,1,50/30/20,False,False,True,True,False,1,0.15529431108188096,3.888750411048997
5343,1251.52,14839.35,4,50/30/20,False,False,True,False,False,4,0.23423544825004677,2.7773441886580574
15368,1483.11,5811.16,5,60/20/20,False,True,False,False,False,4,0.09650637688703799,0.3781337844872462
2415,302.47,2243.05,0,50/30/20,True,False,False,True,False,0,0.1252463768115942,0.9287991718426502
4236,916.72,7019.58,1,50/30/20,False,True,True,False,False,1,0.21641170915958452,1.6571246458923512
1722,60.74,907.26,0,70/20/10,True,True,False,False,True,3,0.03527293844367015,0.5268641114982578
4853,524.86,7965.32,1,50/30/20,False,False,False,True,False,0,0.10815165876777251,1.641318771893674
2402,445.2,3999.21,4,50/30/20,False,True,True,True,False,0,0.18534554537885095,1.6649500416319734
1081,312.84,2893.09,0,50/30/20,True,False,True,False,True,3,0.2893987049028677,2.676308973172988
3895,1151.66,4033.38,0,50/30/20,True,False,True,True,False,1,0.2956765083440308,1.0355275994865212
2102,577.95,4349.59,0,50/30/20,True,False,False,True,False,0,0.2749524262607041,2.0692626070409137
1646,473.11,4056.93,2,50/30/20,False,True,False,False,True,4,0.28743013365735115,2.4647205346294045
2511,96.1,1289.64,0,60/20/20,True,True,True,False,True,3,0.0382716049382716,0.5135961768219833
4280,313.5,2422.8,0,60/20/20,True,True,True,True,False,0,0.07324766355140187,0.5660747663551402
2423,651.89,7320.27,4,50/30/20,False,False,False,False,True,3,0.2690425092860091,3.02115971935617
1445,240.01,1133.43,0,70/20/10,True,True,True,False,True,3,0.16609688581314877,0.7843806228373703
2580,170.43,2907.51,0,50/30/20,True,False,True,False,True,0,0.06605813953488372,1.1269418604651165
1791,531.15,1913.85,0,50/30/20,True,True,True,False,True,4,0.29656616415410386,1.0685929648241206
1431,80.5,1905.66,0,50/30/20,True,True,False,False,True,3,0.05625436757512229,1.3316981132075472
4767,1139.17,5851.52,0,50/30/20,True,False,False,False,False,0,0.23897000209775543,1.2275057688273547
4934,207.21,2930.27,0,70/20/10,True,True,True,True,False,0,0.04199635184434536,0.5938933927847588
1208,112.4,4486.88,0,50/30/20,True,False,False,False,True,1,0.09304635761589404,3.7143046357615894
3444,397.07,2257.89,0,70/20/10,True,False,False,True,False,0,0.11529326364692218,0.6556010452961673
1126,197.6,11960.71,3,50/30/20,False,True,False,False,True,2,0.17548845470692717,10.622300177619893
3102,325.0,9805.44,4,50/30/20,False,True,True,True,False,0,0.10477111540941328,3.1610058027079306
2928,56.39,5622.39,0,50/30/20,True,False,False,False,True,4,0.019258879781420764,1.9202151639344263
4203,851.64,1540.24,0,70/20/10,True,False,True,True,False,0,0.20262669521770163,0.36646205091601236
4775,51.65,3708.98,2,70/20/10,False,True,False,True,False,0,0.01081675392670157,0.7767497382198953
1687,162.14,4126.47,0,50/30/20,True,False,True,False,True,2,0.09611144042679312,2.4460403082394784
3006,62.48,11788.25,3,50/30/20,False,False,True,True,False,0,0.020785096473719226,3.9215735196274117
2537,612.76,3161.36,0,50/30/20,True,True,True,False,True,3,0.2415293653921955,1.2461016949152544
7577,1177.85,12632.17,3,50/30/20,False,False,True,False,False,4,0.15545070608420217,1.6671730236241256
4158,952.21,1629.16,0,50/30/20,True,True,False,True,False,0,0.22900673400673402,0.39181337181337184
1695,447.86,10190.11,2,50/30/20,False,True,False,True,False,1,0.2642241887905605,6.011864306784661
2222,216.92,10784.06,1,50/30/20,False,False,False,True,False,0,0.09762376237623761,4.8533123312331234
2869,606.92,3838.14,0,50/30/20,True,False,True,False,True,3,0.21154409201812477,1.3377971418612757
1824,252.51,5344.59,2,50/30/20,False,True,True,False,True,3,0.1384375,2.9301480263157895
2291,252.58,4810.51,0,50/30/20,True,True,True,True,False,0,0.11024879965080751,2.0997424705368837
4373,1091.62,2799.6,0,70/20/10,True,True,True,True,False,0,0.24962725817516576,0.6402012348502172
11605,443.95,5755.6,0,50/30/20,True,False,False,False,False,1,0.03825506247307195,0.49595863851788025
2422,105.9,4074.2,5,50/30/20,False,False,True,False,True,3,0.043724194880264244,1.6821635012386458
3903,756.68,625.99,0,50/30/20,True,False,True,True,False,0,0.19387138098898282,0.16038688188572892
2692,131.0,2812.87,0,50/30/20,True,True,False,True,False,1,0.048662704309063894,1.0448997028231797
2315,289.64,1133.85,0,70/20/10,True,True,True,False,True,0,0.1251144708423326,0.48978401727861764
2857,525.57,6100.54,0,50/30/20,True,False,True,False,True,1,0.18395869793489678,2.1352957647882396
3293,812.9,5612.23,0,50/30/20,True,False,False,True,False,0,0.24685696932887943,1.7042909201336167
4007,1020.85,1350.37,0,70/20/10,True,True,True,True,False,0,0.2547666583478912,0.3370027451959071
1070,162.04,4297.66,0,50/30/20,True,True,False,True,False,1,0.1514392523364486,4.016504672897196
1605,166.36,1127.02,0,70/20/10,True,True,True,False,True,1,0.10365109034267914,0.7021931464174455
3409,637.61,908.68,0,70/20/10,True,False,False,True,False,1,0.18703725432678206,0.26655324141977116
1589,443.44,3098.3,0,50/30/20,True,False,True,True,False,1,0.27906859660163624,1.949842668344871
2000,206.8,8380.47,5,50/30/20,False,False,True,True,False,0,0.1034,4.1902349999999995
1324,241.25,1613.78,0,50/30/20,True,True,True,False,True,2,0.18221299093655588,1.2188670694864048
4279,96.35,11209.56,3,50/30/20,False,False,True,True,False,0,0.022516943211030614,2.6196681467632623
4404,796.55,1312.55,0,70/20/10,True,False,True,True,False,0,0.180869663941871,0.29803587647593094
1565,174.94,3030.91,0,50/30/20,True,True,True,False,True,2,0.11178274760383386,1.9366837060702875
2554,563.95,7487.88,5,50/30/20,False,False,True,True,False,0,0.22081049334377448,2.931824588880188
9878,744.34,1563.4,0,50/30/20,True,True,False,False,False,3,0.07535331038671796,0.1582709050415064
1590,402.72,3684.35,0,50/30/20,True,True,False,False,True,0,0.25328301886792454,2.317201257861635
4451,1276.49,7796.53,4,50/30/20,False,False,True,True,False,1,0.2867872388227365,1.751635587508425
2497,617.72,7522.36,0,50/30/20,False,False,False,False,True,2,0.24738486183420105,3.012559070885062
17135,1629.87,4310.85,0,70/20/10,True,False,False,False,False,0,0.09511934636708491,0.25158155821418154
16214,1152.33,2020.14,0,70/20/10,True,False,False,False,False,1,0.0710700629085975,0.12459232761810782
1387,341.19,9750.68,4,50/30/20,False,True,False,False,True,0,0.2459913482335977,7.030050468637347
3053,58.96,5069.72,0,50/30/20,True,False,True,False,False,1,0.019312151981657387,1.6605699312151982
2958,234.31,6100.7,1,50/30/20,False,False,False,True,False,0,0.07921230561189993,2.0624408384043273
1923,93.68,13576.07,3,50/30/20,False,False,False,True,False,0,0.04871554862194488,7.059838793551742
1441,222.71,2779.32,0,50/30/20,True,False,False,True,False,1,0.15455239417071479,1.9287439278278975
2832,704.88,1437.79,0,70/20/10,True,True,True,False,True,0,0.24889830508474575,0.507694209039548
2568,308.99,11429.46,1,50/30/20,False,True,True,True,False,0,0.12032320872274144,4.4507242990654206
6367,415.68,5946.94,0,70/20/10,True,False,True,False,False,1,0.06528663420763312,0.9340254436940474
1082,249.4,3131.45,4,50/30/20,False,True,True,False,True,1,0.23049907578558226,2.8941312384473195
3247,326.05,5406.39,0,50/30/20,True,False,False,True,False,0,0.10041576840160148,1.6650415768401603
9571,274.0,7304.95,0,70/20/10,False,True,False,False,False,3,0.028628147528993834,0.7632379061749033
3048,166.8,10812.81,0,50/30/20,False,True,True,True,False,0,0.0547244094488189,3.547509842519685
2959,154.13,3963.53,0,50/30/20,True,False,False,False,True,4,0.05208854342683339,1.339482933423454
1423,202.05,8738.13,2,50/30/20,False,True,False,True,False,1,0.14198875614898104,6.140639494026703
1651,485.19,3498.83,2,50/30/20,False,True,True,True,False,1,0.2938764385221078,2.119218655360388
2738,626.47,3827.28,0,50/30/20,True,False,True,False,True,1,0.22880569758948138,1.397837837837838
6477,1258.77,1155.32,0,60/20/20,True,False,False,False,False,1,0.19434460398332562,0.17837270341207348
12776,1218.16,8666.68,1,70/20/10,False,True,True,False,False,0,0.09534752661239826,0.6783562930494678
1371,318.78,3971.44,0,50/30/20,True,False,False,True,False,0,0.23251641137855578,2.8967469000729396
4834,552.25,1662.92,0,60/20/20,True,False,False,True,False,1,0.11424286305337195,0.3440049648324369
3704,234.22,4004.17,4,50/30/20,False,False,True,True,False,1,0.06323434125269978,1.0810394168466524
991,178.49,939.16,0,50/30/20,True,True,False,False,True,0,0.1801109989909183,0.9476892028254288
19330,1368.39,1999.01,0,50/30/20,True,False,False,False,False,2,0.07079099844800828,0.10341489912053803
2630,327.34,2079.18,0,70/20/10,True,False,True,False,True,2,0.1244638783269962,0.7905627376425854
11801,599.5,9582.56,5,70/20/10,False,False,True,False,False,2,0.05080077959494958,0.8120125413100584
1342,306.6,1719.63,0,50/30/20,True,False,False,False,True,0,0.22846497764530554,1.281393442622951
3697,1034.15,11665.55,1,50/30/20,False,False,False,True,False,0,0.27972680551798756,3.1554097917230184
3148,553.16,5223.13,0,50/30/20,True,False,True,True,False,1,0.17571791613722998,1.6591899618805592
7355,1255.29,3129.26,0,50/30/20,True,True,False,False,False,2,0.1706716519374575,0.42546023113528214
2003,173.79,3494.3,0,50/30/20,True,True,True,False,True,2,0.08676485272091862,1.7445332001997005
1365,289.53,2256.75,0,50/30/20,True,False,False,False,True,0,0.2121098901098901,1.6532967032967032
2054,62.12,5088.44,0,50/30/20,True,False,False,True,False,1,0.03024342745861733,2.477332035053554
10686,1456.5,4828.84,0,50/30/20,True,False,True,False,False,0,0.136299831555306,0.45188470896500094
18166,468.62,3635.33,0,50/30/20,True,True,True,False,False,1,0.02579654299240339,0.20011725200924804
3573,490.78,676.63,0,70/20/10,True,True,False,True,False,1,0.13735796249650153,0.1893730758466275
1571,274.48,4898.04,0,50/30/20,True,True,False,False,True,3,0.1747167409293444,3.117784850413749
2169,567.68,11658.1,2,50/30/20,False,True,True,False,True,2,0.2617242969110189,5.3748732134624255
1351,54.13,4103.85,1,50/30/20,False,True,True,True,False,1,0.04006661732050333,3.0376387860843823
2227,576.75,13403.0,5,50/30/20,False,False,True,False,True,1,0.25898069151324654,6.018410417602156
3655,414.57,8317.81,3,50/30/20,False,True,False,True,False,0,0.11342544459644323,2.275734610123119
1291,324.35,3942.99,4,50/30/20,False,False,False,False,True,0,0.2512393493415957,3.0542137877614253
14411,508.02,13334.75,5,70/20/10,False,False,True,False,False,2,0.03525223787384637,0.9253174658247172
954,283.16,4809.64,0,50/30/20,True,True,False,False,True,3,0.2968134171907757,5.041551362683438
8179,189.92,6733.43,3,70/20/10,False,True,True,False,False,3,0.023220442596894483,0.8232583445408974
3964,420.99,1271.02,0,70/20/10,True,True,False,True,False,1,0.10620332996972755,0.32064076690211907
7887,1411.56,2949.27,0,50/30/20,True,True,True,False,False,1,0.17897299353366297,0.37394066184861163
2480,557.76,6093.79,0,50/30/20,True,False,False,False,True,1,0.2249032258064516,2.4571733870967742
15499,909.06,8545.17,2,70/20/10,False,False,True,False,False,3,0.05865281631072972,0.5513368604426092
2329,370.79,5706.78,0,50/30/20,True,False,False,True,False,1,0.15920566766852728,2.4503134392443107
1043,264.95,3148.23,0,50/30/20,True,True,True,False,True,2,0.2540268456375839,3.018437200383509
4167,96.77,1128.01,0,70/20/10,True,False,True,True,False,0,0.02322294216462683,0.27070074394048477
3541,887.82,3305.59,0,50/30/20,True,True,False,True,False,0,0.25072578367692744,0.9335187800056481
4964,650.52,11111.64,2,50/30/20,False,False,False,True,False,0,0.13104754230459306,2.2384448025785657
1872,382.35,3750.73,0,50/30/20,True,False,False,True,False,0,0.2042467948717949,2.0035950854700855
1715,403.99,3362.34,0,50/30/20,True,True,True,False,True,0,0.23556268221574345,1.9605481049562683
3994,302.0,3099.78,4,70/20/10,False,True,False,True,False,0,0.0756134201301953,0.7761091637456184
2429,231.31,3738.24,0,50/30/20,True,False,True,False,True,1,0.09522848909016056,1.539003705228489
2021,469.6,5695.12,2,50/30/20,False,True,True,False,True,0,0.23236021771400298,2.817971301335972
3790,442.72,5567.62,3,50/30/20,False,False,False,False,False,1,0.11681266490765173,1.4690290237467019
2697,168.81,9175.24,0,50/30/20,False,True,False,True,False,0,0.06259176863181312,3.402017055988135
5557,487.74,3289.66,0,70/20/10,True,False,False,False,False,2,0.08777037970127767,0.5919848839301781
4761,335.72,3012.71,0,70/20/10,True,True,True,True,False,1,0.07051459777357698,0.6327893299726948
1066,131.7,4664.99,0,50/30/20,True,True,True,False,True,4,0.12354596622889305,4.376163227016885
1040,129.68,2888.78,0,50/30/20,True,False,True,False,True,0,0.1246923076923077,2.7776730769230773
4908,438.28,4934.51,0,50/30/20,True,True,False,True,False,1,0.08929910350448247,1.0054013854930726
2771,679.02,2413.25,0,50/30/20,True,True,True,False,True,3,0.2450451100685673,0.8708949837603753
19070,820.39,9399.86,2,70/20/10,False,False,False,False,False,0,0.043019926586261144,0.49291347666491875
4851,528.01,4240.76,0,70/20/10,True,True,False,True,False,1,0.10884559884559884,0.8742032570603999
6778,660.86,5411.59,0,70/20/10,False,False,False,False,False,2,0.09750073768073178,0.7984051342578932
3941,954.56,1719.27,0,60/20/20,True,False,True,True,False,1,0.24221263638670387,0.43625222024866783
1917,451.9,2770.16,0,50/30/20,True,False,False,False,True,1,0.23573291601460614,1.4450495565988524
6860,100.27,4937.7,3,70/20/10,False,False,False,False,False,2,0.014616618075801748,0.7197813411078717
1035,81.22,3398.61,0,50/30/20,True,True,True,False,True,3,0.07847342995169082,3.28368115942029
2839,329.45,2548.18,0,50/30/20,True,False,True,False,True,4,0.11604438182458612,0.8975625220147939
2251,224.33,3991.92,2,50/30/20,False,True,False,False,True,0,0.0996579298089738,1.7733984895601955
3432,361.58,816.8,0,70/20/10,True,True,False,True,False,0,0.10535547785547784,0.23799533799533798
12291,1166.82,1879.24,0,50/30/20,True,True,False,False,False,3,0.09493287771540151,0.15289561467740623
4482,430.99,4617.23,0,50/30/20,True,True,False,True,False,0,0.09616019634091924,1.0301717983043284
1565,254.33,5455.46,4,50/30/20,False,True,False,True,False,1,0.1625111821086262,3.4859169329073483
1440,239.49,4265.99,0,50/30/20,True,True,False,False,True,0,0.1663125,2.9624930555555555
948,56.32,10994.37,3,50/30/20,False,True,False,True,False,1,0.05940928270042194,11.59743670886076
4301,801.09,3565.43,3,50/30/20,False,True,True,True,False,1,0.18625668449197863,0.8289769820971866
2130,140.7,3895.49,1,50/30/20,False,True,False,False,True,3,0.06605633802816901,1.828868544600939
7774,1411.65,2223.74,0,60/20/20,True,False,False,False,False,1,0.18158605608438386,0.28604836634936964
15446,1457.07,511.71,0,50/30/20,True,True,False,False,False,0,0.09433316068885148,0.03312896542794251
3011,617.84,1427.96,0,60/20/20,True,False,False,True,False,0,0.20519428761208902,0.47424775821986054
